{"object_id": "000", "grasp_id": 5, "grasp_point": [-0.006575986750218287, -0.08166671555139117, -0.011436899448043157], "grasp_normal": [0.0038462161604800897, -0.8381962382182891, 0.5453551804631143], "grasp_angle": 6.145946646335273, "grasp_depth": 0.019152130666583805, "friction_coef": 1.5, "contact_result": true, "grasp_result": false, "our_metric": [1.0, 1.0], "antipodal_metric": [0.1538260438133316, 0.24341849199644283], "closure_metric": 0.09500511647389118, "distance": 0.049295608386625486, "Fv": [0.0, 0.0]}
{"object_id": "000", "grasp_id": 6, "grasp_point": [-0.016649521500128613, -0.08203362992245732, 0.028605590820118026], "grasp_normal": [-0.23311066540874875, -0.6415841241870935, -0.7307730353972911], "grasp_angle": 2.276203420899181, "grasp_depth": -0.0027187030591602906, "friction_coef": 1.5, "contact_result": true, "grasp_result": true, "our_metric": [0.5240086832554742, 0.5236464414742992], "antipodal_metric": [0.14728993913091407, 0.3447592830906301], "closure_metric": 0.12096506902623039, "distance": 0.06671181279309396, "Fv": [-0.8347116752589363, 2.6376389270698595]}
{"object_id": "000", "grasp_id": 12, "grasp_point": [0.003780589560132206, 0.07824801121930407, -0.08145862633357975], "grasp_normal": [0.22388732082687515, 0.9745219870916066, -0.013467154413244945], "grasp_angle": 2.8407122727489886, "grasp_depth": 0.014720357582140506, "friction_coef": 1.5, "contact_result": true, "grasp_result": false, "our_metric": [0.7868383560602096, 0.8578779666485824], "antipodal_metric": [0.10238335345882968, 0.42380833077932567], "closure_metric": 0.24696165785587731, "distance": 0.03841376015173958, "Fv": [-2.2748205621450737, -1.6901469643022342]}
{"object_id": "000", "grasp_id": 23, "grasp_point": [0.01366896941678658, -0.08322303131581799, 0.028490085017919605], "grasp_normal": [0.34490199967673113, -0.9002825524033934, 0.2655822593040121], "grasp_angle": 0.13404055503046836, "grasp_depth": 0.014078707765388984, "friction_coef": 1.5, "contact_result": true, "grasp_result": false, "our_metric": [0.24423362475858715, 0.5494403458145783], "antipodal_metric": [0.13910948047667895, 0.390007761828861], "closure_metric": 0.08229951823800707, "distance": 0.046865100288699155, "Fv": [1.602378476249299, 0.4117842008834173]}
{"object_id": "000", "grasp_id": 25, "grasp_point": [-0.016425991887645947, -0.08107442166387697, -0.07151004889385269], "grasp_normal": [-0.18996767371882703, -0.9212257850130711, -0.33949276276366824], "grasp_angle": 2.746989380560621, "grasp_depth": -0.004854253477516057, "friction_coef": 1.5, "contact_result": true, "grasp_result": true, "our_metric": [0.38183006707170175, 0.569755340125698], "antipodal_metric": [0.04438553432718328, 0.2866071173018431], "closure_metric": 0.1461506968405573, "distance": 0.026361745359362945, "Fv": [-0.43718022311601223, 2.899212981637951]}
{"object_id": "000", "grasp_id": 31, "grasp_point": [-0.006277197057591485, 0.026412476569630836, -0.11132410666116542], "grasp_normal": [-0.2880270345891926, -0.7616924047813819, -0.5804008165432846], "grasp_angle": 2.4287345555932975, "grasp_depth": 0.0033929382087678622, "friction_coef": 1.5, "contact_result": true, "grasp_result": true, "our_metric": [1.4999583331336512, 1.0], "antipodal_metric": [0.24509785024026787, 0.35673373312086815], "closure_metric": 0.05448857576783285, "distance": 0.06827395013036855, "Fv": [-0.8353555167840988, 0.0]}
{"object_id": "000", "grasp_id": 41, "grasp_point": [0.013502901065041956, 0.0774215089943201, 0.04857543117807249], "grasp_normal": [0.30765480038269777, 0.9214508436642589, -0.2372274573313719], "grasp_angle": 6.076144789715594, "grasp_depth": -0.0031501972287492908, "friction_coef": 1.5, "contact_result": true, "grasp_result": true, "our_metric": [0.4958725541063683, 0.023644073874378283], "antipodal_metric": [0.05397155160915752, 0.3240625300875898], "closure_metric": 0.089767979353987, "distance": 0.035585387281824164, "Fv": [1.8214757186459047, -0.2584885524440325]}
{"object_id": "000", "grasp_id": 58, "grasp_point": [0.029252100446903333, 0.015917312340974793, -0.1071385491940445], "grasp_normal": [0.3298497073696842, -0.759722527546716, -0.5603756344508237], "grasp_angle": 1.3888584654477598, "grasp_depth": -0.0038864256658502905, "friction_coef": 1.5, "contact_result": false, "grasp_result": false, "our_metric": [1.0, 1.0], "antipodal_metric": [0.844663306415962, 0.917877885242537], "closure_metric": 0.08926045805211541, "distance": 0.06818058410721214, "Fv": [0.0, 0.0]}
{"object_id": "000", "grasp_id": 61, "grasp_point": [0.003527747768679115, 0.03626762986330393, -0.11124363380946656], "grasp_normal": [-0.014887276462756558, 0.3284807283540049, -0.9443933397157902], "grasp_angle": 5.907741120682505, "grasp_depth": -0.0075911658183350356, "friction_coef": 1.5, "contact_result": true, "grasp_result": true, "our_metric": [0.24343859422616332, 0.6020649975267579], "antipodal_metric": [0.03038194603748482, 0.3342241752963999], "closure_metric": 0.2529827150227595, "distance": 0.015544620602737967, "Fv": [-1.1585177307818664, 1.622751503609305]}
{"object_id": "000", "grasp_id": 68, "grasp_point": [-0.01639942824385634, -0.08141179539094306, -0.011613706505043323], "grasp_normal": [-0.31543627173718847, -0.8145474854146123, 0.48683914435599207], "grasp_angle": 6.259957722056706, "grasp_depth": -0.012600414386460326, "friction_coef": 1.5, "contact_result": true, "grasp_result": false, "our_metric": [1.214254645131646, 0.09249334047317391], "antipodal_metric": [0.041465372458808915, 0.2725203090454681], "closure_metric": 0.1692604288107869, "distance": 0.02897608575867399, "Fv": [1.2407736947260561, 2.0843381408936845]}
{"object_id": "000", "grasp_id": 84, "grasp_point": [-0.016343127683204534, 0.016157069988934323, 0.10086304377134334], "grasp_normal": [-0.18948724382578683, 0.6211324822312548, 0.7604531701193353], "grasp_angle": 0.28504174729664583, "grasp_depth": 0.006864086373046391, "friction_coef": 1.5, "contact_result": true, "grasp_result": true, "our_metric": [0.43639516634122755, 0.2226780311417105], "antipodal_metric": [0.03946528256904519, 0.283413012926798], "closure_metric": 0.458081861167489, "distance": 0.008991817929125023, "Fv": [1.3464177802360835, 0.5967325809873277]}
{"object_id": "000", "grasp_id": 86, "grasp_point": [0.013588266033974724, -0.023629487847987008, 0.10098624850153913], "grasp_normal": [0.12335887210391454, -0.3255164480110689, 0.9374548686456896], "grasp_angle": 3.033134099334076, "grasp_depth": -0.010719296651916718, "friction_coef": 1.5, "contact_result": true, "grasp_result": true, "our_metric": [0.15685907036608798, 0.43327073182897086], "antipodal_metric": [0.03614921752540569, 0.267775872187023], "closure_metric": 1.432341634677608, "distance": 0.004579779966328003, "Fv": [-0.11108324242984502, 2.0247419264515014]}
{"object_id": "000", "grasp_id": 89, "grasp_point": [0.013745074407550652, 0.07812673644815442, -0.0012389387906435996], "grasp_normal": [0.27260429404972575, 0.9023687916456008, 0.3337925444489573], "grasp_angle": 2.8925771427326743, "grasp_depth": -0.012278216450070517, "friction_coef": 1.5, "contact_result": true, "grasp_result": true, "our_metric": [0.26483848282557665, 0.47861892187268673], "antipodal_metric": [0.04402452744293228, 0.24750332862871122], "closure_metric": 0.178066628959576, "distance": 0.025255112028249708, "Fv": [1.1221495957649212, 1.7183953167893828]}
{"object_id": "000", "grasp_id": 94, "grasp_point": [-0.026455966111050406, 0.07779722764941017, 0.06852161821727129], "grasp_normal": [-0.5953732616749808, 0.7106417424006448, -0.3748586310067707], "grasp_angle": 0.8329895947664939, "grasp_depth": 0.0116735702407815, "friction_coef": 1.5, "contact_result": true, "grasp_result": true, "our_metric": [0.5486914970216937, 1.0], "antipodal_metric": [0.5347102073531383, 0.8218909348363348], "closure_metric": 0.19429932732576477, "distance": 0.047522774140635764, "Fv": [0.22115828470884846, 0.0]}
{"object_id": "000", "grasp_id": 99,